{
  "mae": 14.418603516738854,
  "mse": 350.06116177577684,
  "rmse": 18.709921479679622,
  "r2": 0.9441945720908425,
  "residual_std": 18.752311337518616,
  "n_train": 800,
  "n_test": 200,
  "cv_mean_r2": 0.9364434036285774,
  "cv_std_r2": 0.01850234433104363,
  "algorithm": "linear_regression",
  "timestamp": "2026-06-27T21:51:18.623483"
}