{
  "mae": 16.073240327876984,
  "mse": 466.05063014811486,
  "rmse": 21.588205811232086,
  "r2": 0.925703969241218,
  "residual_std": 21.637988314496656,
  "n_train": 800,
  "n_test": 200,
  "cv_mean_r2": 0.9010323630768511,
  "cv_std_r2": 0.02462773907505998,
  "algorithm": "random_forest",
  "timestamp": "2026-06-27T21:51:27.671097"
}